id,employee,salary,email,position,profilePicture,username,password
1,Sib Crowche,4003.54,scrowche0@sohu.com,Senior Quality Engineer,https://robohash.org/maximemodiaut.png?size=50x50&set=set1,scrowche0,X2L8kx2GrSJ
2,Cristi Goodayle,2734.55,cgoodayle1@php.net,Food Chemist,https://robohash.org/delenitiundeeum.png?size=50x50&set=set1,cgoodayle1,fnwLLj
3,Nicolette Kilban,2885.19,nkilban2@i2i.jp,Cost Accountant,https://robohash.org/consequunturoditdebitis.png?size=50x50&set=set1,nkilban2,eE0k66
4,Janela Hollow,4129.45,jhollow3@stanford.edu,Structural Engineer,https://robohash.org/rerumcupiditatequi.png?size=50x50&set=set1,jhollow3,RSm7fIin
5,Charlie McCluskey,5136.2,cmccluskey4@skype.com,Marketing Assistant,https://robohash.org/noncumquequia.png?size=50x50&set=set1,cmccluskey4,EFSiraRwcRwj
6,Elisabetta Honig,5672.63,ehonig5@google.com.br,Data Coordinator,https://robohash.org/exercitationemquaeporro.png?size=50x50&set=set1,ehonig5,Yvh3ID
7,Kerwin Fudge,4618.1,kfudge6@devhub.com,Account Representative II,https://robohash.org/autdoloremautem.png?size=50x50&set=set1,kfudge6,CwKoOvCGsJ
8,Elihu Pickthorne,4648.29,epickthorne7@delicious.com,Accounting Assistant I,https://robohash.org/commodiconsecteturnumquam.png?size=50x50&set=set1,epickthorne7,wMW3zdv540
9,Angelica Skellon,3490.76,askellon8@virginia.edu,Developer III,https://robohash.org/minimavelut.png?size=50x50&set=set1,askellon8,rD9b8eua7q
10,Raina Butten,4669.38,rbutten9@posterous.com,Associate Professor,https://robohash.org/maioresiustovoluptatum.png?size=50x50&set=set1,rbutten9,3lWiY2Ize
11,Gayle Pyecroft,4167.16,gpyecrofta@mayoclinic.com,Clinical Specialist,https://robohash.org/suscipitquoveritatis.png?size=50x50&set=set1,gpyecrofta,jGFEDIe0XP
12,George Gabriel,5009.2,ggabrielb@foxnews.com,Media Manager III,https://robohash.org/autnullalaborum.png?size=50x50&set=set1,ggabrielb,CxyN0IVU4
13,Rooney Minchella,5532.3,rminchellac@boston.com,Automation Specialist II,https://robohash.org/commodiaspernaturimpedit.png?size=50x50&set=set1,rminchellac,uva5sX
14,Carolus Leap,5909.15,cleapd@qq.com,Account Executive,https://robohash.org/dolorcommodinon.png?size=50x50&set=set1,cleapd,5KmupWtgDc7
15,Riobard Hinz,5996.21,rhinze@webmd.com,Account Coordinator,https://robohash.org/commodialiquamprovident.png?size=50x50&set=set1,rhinze,aPyrbI2aDn2l
16,Bordie Pyrton,4653.69,bpyrtonf@addtoany.com,Desktop Support Technician,https://robohash.org/quisquamsedsoluta.png?size=50x50&set=set1,bpyrtonf,UCOJM8oBBxT
17,Roze Antunez,2648.57,rantunezg@de.vu,Product Engineer,https://robohash.org/atenimmolestiae.png?size=50x50&set=set1,rantunezg,WYira8HNd
18,Yanaton Shackleton,2864.81,yshackletonh@sakura.ne.jp,Quality Engineer,https://robohash.org/idisteinventore.png?size=50x50&set=set1,yshackletonh,5IGSgjsyRP
19,Sher Pepperill,3131.84,spepperilli@umn.edu,Office Assistant IV,https://robohash.org/saepeomnisrepellendus.png?size=50x50&set=set1,spepperilli,G0lG96aZ6BF
20,Guendolen Augustus,4470.59,gaugustusj@stumbleupon.com,Account Representative III,https://robohash.org/nequeaperiammollitia.png?size=50x50&set=set1,gaugustusj,8gDizmxj9F
21,Lovell Fibbitts,5476.84,lfibbittsk@google.nl,Marketing Manager,https://robohash.org/etestreprehenderit.png?size=50x50&set=set1,lfibbittsk,6NjUNMfc
22,Jania Bende,3050.42,jbendel@redcross.org,Executive Secretary,https://robohash.org/autdistinctioimpedit.png?size=50x50&set=set1,jbendel,MIFkFCdIKIy
23,Gussi Rayer,2976.96,grayerm@bloomberg.com,Help Desk Technician,https://robohash.org/estnobisoccaecati.png?size=50x50&set=set1,grayerm,P1NVmd0bU
24,Annadiana Durston,2863.14,adurstonn@fda.gov,Junior Executive,https://robohash.org/laboreatdignissimos.png?size=50x50&set=set1,adurstonn,cgOkfUG7Fk13
25,Birk Wheal,3319.91,bwhealo@photobucket.com,Associate Professor,https://robohash.org/similiqueistesit.png?size=50x50&set=set1,bwhealo,yE1b24HUbZiX
26,Minni Ianno,3967.71,miannop@uiuc.edu,Environmental Tech,https://robohash.org/veldistinctiotempora.png?size=50x50&set=set1,miannop,oVG19QDNm2H
27,Gardy Kelby,5287.36,gkelbyq@smh.com.au,Web Designer II,https://robohash.org/utperspiciatisvoluptas.png?size=50x50&set=set1,gkelbyq,njhFaujf2
28,Basilius Statton,4790.05,bstattonr@t.co,Help Desk Operator,https://robohash.org/occaecatirationeipsam.png?size=50x50&set=set1,bstattonr,lwrO7GaYbAg8
29,Garnet Browning,5771.89,gbrownings@buzzfeed.com,Account Executive,https://robohash.org/veritatisvoluptatemautem.png?size=50x50&set=set1,gbrownings,35To5fxsN
30,Eliza Cheevers,5718.64,echeeverst@bizjournals.com,Research Associate,https://robohash.org/impeditvelitest.png?size=50x50&set=set1,echeeverst,lQAhJ917TNLh
31,Sarene Beurich,4636.88,sbeurichu@chicagotribune.com,Pharmacist,https://robohash.org/quisaperiamsequi.png?size=50x50&set=set1,sbeurichu,Nzu5qGzJ1
32,Roseann Rounsivall,3066.94,rrounsivallv@hao123.com,Project Manager,https://robohash.org/numquametdolorem.png?size=50x50&set=set1,rrounsivallv,2PAkxFOM
33,Ava Blackall,4388.75,ablackallw@odnoklassniki.ru,Marketing Assistant,https://robohash.org/quorecusandaebeatae.png?size=50x50&set=set1,ablackallw,ErZEkOchXq
34,Willy Sellick,3268.13,wsellickx@macromedia.com,Editor,https://robohash.org/veniametneque.png?size=50x50&set=set1,wsellickx,Z1qzES0W
35,Evvy O'Roan,3181.14,eoroany@fc2.com,Software Consultant,https://robohash.org/quisrerumnostrum.png?size=50x50&set=set1,eoroany,smjJ8btG5et
36,Orelle Phillis,4104.07,ophillisz@simplemachines.org,Human Resources Manager,https://robohash.org/reiciendisnostrumfugiat.png?size=50x50&set=set1,ophillisz,KQ3ujrJCyyB
37,Emeline Brearton,4846.53,ebrearton10@hubpages.com,Food Chemist,https://robohash.org/etfacilisculpa.png?size=50x50&set=set1,ebrearton10,VAbf9brv7o
38,Spenser Comben,3114.48,scomben11@hp.com,VP Quality Control,https://robohash.org/assumendaasperioresalias.png?size=50x50&set=set1,scomben11,KhsRxBZ
39,Janos Slides,2588.85,jslides12@e-recht24.de,Business Systems Development Analyst,https://robohash.org/nullahicqui.png?size=50x50&set=set1,jslides12,gr6qbLuG
40,Alexander Atling,4473.97,aatling13@mapy.cz,Structural Analysis Engineer,https://robohash.org/eligendiremut.png?size=50x50&set=set1,aatling13,365PdP
41,Kacey Bruneau,4946.73,kbruneau14@sbwire.com,Food Chemist,https://robohash.org/autemquinatus.png?size=50x50&set=set1,kbruneau14,K3kkNf
42,Cirillo Pedri,5197.42,cpedri15@bravesites.com,Environmental Tech,https://robohash.org/adipiscieumpariatur.png?size=50x50&set=set1,cpedri15,7khXLpj
43,Julio Gosenell,5954.48,jgosenell16@eepurl.com,Biostatistician II,https://robohash.org/veniamsequiaccusamus.png?size=50x50&set=set1,jgosenell16,qQTh1i1
44,Andromache Lorey,2668.01,alorey17@google.co.jp,Human Resources Manager,https://robohash.org/voluptatemutqui.png?size=50x50&set=set1,alorey17,R8OefDj6
45,Lucio Gladtbach,5307.42,lgladtbach18@salon.com,Editor,https://robohash.org/evenietliberosed.png?size=50x50&set=set1,lgladtbach18,oFIMZYJ
46,Donalt Freebury,4574.44,dfreebury19@ow.ly,Compensation Analyst,https://robohash.org/dictautut.png?size=50x50&set=set1,dfreebury19,HZkljUM
47,Carlye Tee,4672.54,ctee1a@cbc.ca,Executive Secretary,https://robohash.org/etducimusperspiciatis.png?size=50x50&set=set1,ctee1a,ekx080xoU
48,Maighdiln Bowers,3289.99,mbowers1b@google.com.br,Chemical Engineer,https://robohash.org/perspiciatisvelitquasi.png?size=50x50&set=set1,mbowers1b,cFKwUQLKK
49,Maggy Blazhevich,3209.23,mblazhevich1c@flickr.com,Design Engineer,https://robohash.org/suntmagnirerum.png?size=50x50&set=set1,mblazhevich1c,8vnLUSaKwg9
50,Rozele Kilmary,4663.91,rkilmary1d@columbia.edu,Systems Administrator I,https://robohash.org/nemosuntearum.png?size=50x50&set=set1,rkilmary1d,WS3ARHPGRoPW
